card_1,card_2,card_3,card_4,card_5,hand,bid,hand_type,best_card,hand2,rank
2,4,14,9,10,24A9T,919,1,A,24A9T,1
2,6,3,7,10,2637T,643,1,T,2637T,2
2,6,4,10,13,264TK,935,1,K,264TK,3
2,8,4,6,14,2846A,208,1,A,2846A,4
2,8,7,9,4,28794,795,1,9,28794,5
2,10,6,3,13,2T63K,48,1,K,2T63K,6
2,10,12,3,8,2TQ38,63,1,Q,2TQ38,7
2,10,14,3,5,2TA35,380,1,A,2TA35,8
2,13,8,10,7,2K8T7,353,1,K,2K8T7,9
2,14,7,10,3,2A7T3,457,1,A,2A7T3,10
3,2,9,14,5,329A5,538,1,A,329A5,11
3,5,9,7,12,3597Q,249,1,Q,3597Q,12
3,8,5,14,10,385AT,583,1,A,385AT,13
3,8,10,2,6,38T26,814,1,T,38T26,14
3,9,10,2,7,39T27,615,1,T,39T27,15
3,10,6,14,7,3T6A7,40,1,A,3T6A7,16
3,10,14,6,4,3TA64,539,1,A,3TA64,17
3,13,2,10,8,3K2T8,141,1,K,3K2T8,18
3,13,6,2,8,3K628,194,1,K,3K628,19
3,13,7,14,10,3K7AT,405,1,A,3K7AT,20
3,13,12,2,7,3KQ27,644,1,K,3KQ27,21
4,2,5,9,10,4259T,64,1,T,4259T,22
4,2,7,9,6,42796,690,1,9,42796,23
4,2,8,3,12,4283Q,346,1,Q,4283Q,24
4,3,12,7,9,43Q79,17,1,Q,43Q79,25
4,5,12,2,7,45Q27,985,1,Q,45Q27,26
4,6,8,12,5,468Q5,22,1,Q,468Q5,27
4,7,2,5,6,47256,537,1,7,47256,28
4,8,6,2,13,4862K,476,1,K,4862K,29
4,9,12,7,13,49Q7K,555,1,K,49Q7K,30
4,9,14,7,6,49A76,463,1,A,49A76,31
4,10,3,5,12,4T35Q,815,1,Q,4T35Q,32
4,13,7,10,14,4K7TA,810,1,A,4K7TA,33
4,14,5,2,10,4A52T,18,1,A,4A52T,34
4,14,13,8,2,4AK82,311,1,A,4AK82,35
5,3,4,9,6,53496,638,1,9,53496,36
5,3,9,12,13,539QK,495,1,K,539QK,37
5,6,12,14,2,56QA2,187,1,A,56QA2,38
5,7,10,6,4,57T64,530,1,T,57T64,39
5,8,10,12,9,58TQ9,871,1,Q,58TQ9,40
5,8,13,9,6,58K96,122,1,K,58K96,41
5,12,6,7,8,5Q678,175,1,Q,5Q678,42
5,12,8,6,3,5Q863,752,1,Q,5Q863,43
5,12,10,7,6,5QT76,914,1,Q,5QT76,44
6,3,10,13,5,63TK5,672,1,K,63TK5,45
6,4,12,7,9,64Q79,944,1,Q,64Q79,46
6,4,12,13,2,64QK2,193,1,K,64QK2,47
6,8,3,10,4,683T4,413,1,T,683T4,48
6,9,10,5,8,69T58,219,1,T,69T58,49
6,10,8,9,14,6T89A,726,1,A,6T89A,50
6,10,14,12,4,6TAQ4,573,1,A,6TAQ4,51
6,12,7,4,13,6Q74K,508,1,K,6Q74K,52
6,13,10,7,2,6KT72,614,1,K,6KT72,53
7,2,3,14,13,723AK,496,1,A,723AK,54
7,5,2,8,4,75284,28,1,8,75284,55
7,6,2,14,8,762A8,411,1,A,762A8,56
7,8,2,14,3,782A3,148,1,A,782A3,57
7,9,14,12,13,79AQK,566,1,A,79AQK,58
7,10,9,3,5,7T935,328,1,T,7T935,59
8,4,9,6,5,84965,856,1,9,84965,60
8,4,12,5,10,84Q5T,925,1,Q,84Q5T,61
8,4,14,9,5,84A95,637,1,A,84A95,62
8,5,2,3,7,85237,136,1,8,85237,63
8,5,2,7,13,8527K,460,1,K,8527K,64
8,5,3,7,6,85376,876,1,8,85376,65
8,7,3,13,14,873KA,837,1,A,873KA,66
8,9,2,6,3,89263,467,1,9,89263,67
8,9,6,12,2,896Q2,202,1,Q,896Q2,68
8,13,3,6,12,8K36Q,738,1,K,8K36Q,69
9,2,6,14,13,926AK,366,1,A,926AK,70
9,2,8,4,13,9284K,701,1,K,9284K,71
9,2,14,10,7,92AT7,236,1,A,92AT7,72
9,3,6,14,5,936A5,156,1,A,936A5,73
9,4,3,5,2,94352,376,1,9,94352,74
9,6,7,13,14,967KA,748,1,A,967KA,75
9,7,4,12,5,974Q5,277,1,Q,974Q5,76
9,7,8,13,6,978K6,231,1,K,978K6,77
9,8,5,12,7,985Q7,811,1,Q,985Q7,78
9,14,2,3,6,9A236,127,1,A,9A236,79
10,4,6,9,13,T469K,490,1,K,T469K,80
10,5,7,8,3,T5783,658,1,T,T5783,81
10,5,8,2,6,T5826,622,1,T,T5826,82
10,5,8,9,2,T5892,360,1,T,T5892,83
10,5,8,13,7,T58K7,151,1,K,T58K7,84
10,5,14,6,4,T5A64,574,1,A,T5A64,85
10,6,9,4,7,T6947,794,1,T,T6947,86
10,7,5,12,2,T75Q2,992,1,Q,T75Q2,87
10,8,4,3,13,T843K,218,1,K,T843K,88
10,13,9,7,6,TK976,437,1,K,TK976,89
12,2,9,14,7,Q29A7,465,1,A,Q29A7,90
12,5,13,14,6,Q5KA6,997,1,A,Q5KA6,91
12,6,14,7,9,Q6A79,697,1,A,Q6A79,92
12,8,3,14,13,Q83AK,77,1,A,Q83AK,93
12,8,4,6,9,Q8469,286,1,Q,Q8469,94
12,9,14,10,8,Q9AT8,228,1,A,Q9AT8,95
12,10,2,7,8,QT278,663,1,Q,QT278,96
12,14,5,6,7,QA567,394,1,A,QA567,97
13,2,10,3,9,K2T39,149,1,K,K2T39,98
13,2,12,6,10,K2Q6T,770,1,K,K2Q6T,99
13,3,7,4,2,K3742,282,1,K,K3742,100
13,5,8,3,2,K5832,730,1,K,K5832,101
13,5,10,8,12,K5T8Q,910,1,K,K5T8Q,102
13,5,12,10,4,K5QT4,98,1,K,K5QT4,103
13,6,8,5,7,K6857,758,1,K,K6857,104
13,7,3,8,12,K738Q,719,1,K,K738Q,105
13,8,9,6,10,K896T,602,1,K,K896T,106
13,9,5,14,4,K95A4,113,1,A,K95A4,107
13,9,14,8,2,K9A82,946,1,A,K9A82,108
13,10,6,5,2,KT652,29,1,K,KT652,109
13,12,3,9,7,KQ397,387,1,K,KQ397,110
13,14,2,8,7,KA287,90,1,A,KA287,111
13,14,8,5,12,KA85Q,582,1,A,KA85Q,112
14,7,8,6,12,A786Q,953,1,A,A786Q,113
14,8,4,7,12,A847Q,588,1,A,A847Q,114
14,9,10,8,7,A9T87,624,1,A,A9T87,115
14,12,8,13,10,AQ8KT,929,1,A,AQ8KT,116
-1,-1,2,4,3,JJ243,652,2,J,JJ243,117
-1,-1,10,2,3,JJT23,996,2,J,JJT23,118
-1,2,8,9,-1,J289J,192,2,J,J289J,119
-1,2,9,-1,4,J29J4,847,2,J,J29J4,120
-1,2,14,5,7,J2A57,841,2,A,A2A57,121
-1,4,-1,2,8,J4J28,600,2,J,J4J28,122
-1,5,4,14,13,J54AK,140,2,A,A54AK,123
-1,5,12,7,3,J5Q73,838,2,Q,Q5Q73,124
-1,6,9,2,14,J692A,687,2,A,A692A,125
-1,7,9,6,12,J796Q,289,2,Q,Q796Q,126
-1,9,-1,8,3,J9J83,976,2,J,J9J83,127
-1,9,3,12,8,J93Q8,994,2,Q,Q93Q8,128
-1,9,10,8,2,J9T82,66,2,T,T9T82,129
-1,10,3,4,9,JT349,154,2,T,TT349,130
-1,10,4,6,5,JT465,301,2,T,TT465,131
-1,12,4,8,5,JQ485,35,2,Q,QQ485,132
-1,12,10,7,14,JQT7A,443,2,A,AQT7A,133
-1,13,6,4,12,JK64Q,755,2,K,KK64Q,134
-1,14,13,6,7,JAK67,432,2,A,AAK67,135
2,-1,-1,5,10,2JJ5T,725,2,J,2JJ5T,136
2,2,8,14,6,228A6,860,2,2,228A6,137
2,3,-1,10,14,23JTA,500,2,A,23ATA,138
2,3,4,4,9,23449,964,2,4,23449,139
2,4,2,5,8,24258,591,2,2,24258,140
2,4,6,6,7,24667,757,2,6,24667,141
2,5,7,2,3,25723,817,2,2,25723,142
2,5,8,7,5,25875,7,2,5,25875,143
2,5,10,8,5,25T85,529,2,5,25T85,144
2,5,14,9,9,25A99,265,2,9,25A99,145
2,6,6,10,3,266T3,164,2,6,266T3,146
2,7,-1,8,4,27J84,121,2,8,27884,147
2,7,3,3,6,27336,800,2,3,27336,148
2,7,3,7,10,2737T,544,2,7,2737T,149
2,8,13,4,-1,28K4J,368,2,K,28K4K,150
2,9,4,4,6,29446,464,2,4,29446,151
2,9,7,10,-1,297TJ,299,2,T,297TT,152
2,10,13,12,13,2TKQK,65,2,K,2TKQK,153
2,13,8,8,14,2K88A,33,2,8,2K88A,154
2,14,2,8,10,2A28T,859,2,2,2A28T,155
2,14,3,-1,5,2A3J5,601,2,A,2A3A5,156
2,14,7,9,9,2A799,54,2,9,2A799,157
3,-1,7,8,13,3J78K,38,2,K,3K78K,158
3,4,5,5,2,34552,414,2,5,34552,159
3,4,12,10,4,34QT4,214,2,4,34QT4,160
3,5,2,8,5,35285,135,2,5,35285,161
3,5,10,2,5,35T25,504,2,5,35T25,162
3,6,12,2,2,36Q22,940,2,2,36Q22,163
3,7,5,-1,8,375J8,764,2,8,37588,164
3,7,5,6,3,37563,185,2,3,37563,165
3,9,-1,7,14,39J7A,489,2,A,39A7A,166
3,10,6,10,5,3T6T5,691,2,T,3T6T5,167
3,10,13,7,-1,3TK7J,980,2,K,3TK7K,168
3,12,7,7,8,3Q778,715,2,7,3Q778,169
3,13,12,13,6,3KQK6,482,2,K,3KQK6,170
3,13,12,13,7,3KQK7,891,2,K,3KQK7,171
3,14,7,-1,13,3A7JK,801,2,A,3A7AK,172
4,-1,8,6,2,4J862,449,2,8,48862,173
4,2,-1,12,10,42JQT,297,2,Q,42QQT,174
4,2,8,9,8,42898,115,2,8,42898,175
4,3,7,6,6,43766,949,2,6,43766,176
4,5,7,14,-1,457AJ,808,2,A,457AA,177
4,6,5,-1,7,465J7,251,2,7,46577,178
4,6,5,4,8,46548,749,2,4,46548,179
4,6,8,3,3,46833,13,2,3,46833,180
4,8,13,6,8,48K68,364,2,8,48K68,181
4,9,14,4,13,49A4K,173,2,4,49A4K,182
4,14,4,13,3,4A4K3,571,2,4,4A4K3,183
5,-1,9,2,10,5J92T,854,2,T,5T92T,184
5,-1,14,9,7,5JA97,797,2,A,5AA97,185
5,2,4,2,3,52423,383,2,2,52423,186
5,3,-1,7,2,53J72,72,2,7,53772,187
5,3,2,12,3,532Q3,354,2,3,532Q3,188
5,3,9,3,6,53936,852,2,3,53936,189
5,4,9,9,7,54997,424,2,9,54997,190
5,5,9,13,14,559KA,605,2,5,559KA,191
5,5,13,12,8,55KQ8,357,2,5,55KQ8,192
5,7,6,3,6,57636,474,2,6,57636,193
5,8,7,3,7,58737,723,2,7,58737,194
5,8,10,14,-1,58TAJ,745,2,A,58TAA,195
5,9,2,3,5,59235,494,2,5,59235,196
5,9,5,2,4,59524,598,2,5,59524,197
5,9,10,2,9,59T29,831,2,9,59T29,198
5,10,10,13,7,5TTK7,415,2,T,5TTK7,199
5,10,14,5,3,5TA53,104,2,5,5TA53,200
5,12,7,3,12,5Q73Q,34,2,Q,5Q73Q,201
5,14,-1,2,4,5AJ24,285,2,A,5AA24,202
5,14,3,13,3,5A3K3,68,2,3,5A3K3,203
5,14,5,9,8,5A598,369,2,5,5A598,204
5,14,8,8,10,5A88T,732,2,8,5A88T,205
6,-1,3,14,2,6J3A2,999,2,A,6A3A2,206
6,-1,5,10,12,6J5TQ,24,2,Q,6Q5TQ,207
6,-1,10,3,9,6JT39,760,2,T,6TT39,208
6,2,10,2,8,62T28,288,2,2,62T28,209
6,4,12,-1,5,64QJ5,941,2,Q,64QQ5,210
6,5,7,7,12,6577Q,916,2,7,6577Q,211
6,5,9,10,6,659T6,336,2,6,659T6,212
6,5,12,7,5,65Q75,669,2,5,65Q75,213
6,6,8,7,2,66872,267,2,6,66872,214
6,7,4,2,2,67422,700,2,2,67422,215
6,9,3,3,7,69337,252,2,3,69337,216
6,9,12,4,9,69Q49,921,2,9,69Q49,217
6,12,-1,10,13,6QJTK,575,2,K,6QKTK,218
6,13,2,2,4,6K224,456,2,2,6K224,219
6,13,7,5,6,6K756,257,2,6,6K756,220
6,14,9,7,7,6A977,146,2,7,6A977,221
6,14,12,-1,4,6AQJ4,898,2,A,6AQA4,222
7,-1,9,-1,4,7J9J4,106,2,J,7J9J4,223
7,2,5,6,7,72567,787,2,7,72567,224
7,3,7,4,14,7374A,261,2,7,7374A,225
7,3,10,7,6,73T76,716,2,7,73T76,226
7,4,2,-1,10,742JT,531,2,T,742TT,227
7,4,14,5,4,74A54,388,2,4,74A54,228
7,5,9,9,12,7599Q,499,2,9,7599Q,229
7,6,4,4,12,7644Q,924,2,4,7644Q,230
7,6,6,14,3,766A3,128,2,6,766A3,231
7,6,8,7,3,76873,525,2,7,76873,232
7,7,10,8,5,77T85,361,2,7,77T85,233
7,9,12,7,14,79Q7A,23,2,7,79Q7A,234
7,9,13,5,7,79K57,933,2,7,79K57,235
7,9,14,4,4,79A44,932,2,4,79A44,236
7,10,-1,4,13,7TJ4K,603,2,K,7TK4K,237
7,10,13,2,-1,7TK2J,479,2,K,7TK2K,238
7,12,2,-1,14,7Q2JA,139,2,A,7Q2AA,239
7,14,9,-1,4,7A9J4,830,2,A,7A9A4,240
8,-1,4,10,13,8J4TK,391,2,K,8K4TK,241
8,-1,4,14,10,8J4AT,43,2,A,8A4AT,242
8,-1,5,10,13,8J5TK,651,2,K,8K5TK,243
8,-1,10,6,14,8JT6A,706,2,A,8AT6A,244
8,-1,12,13,4,8JQK4,343,2,K,8KQK4,245
8,2,10,3,8,82T38,961,2,8,82T38,246
8,3,4,13,-1,834KJ,540,2,K,834KK,247
8,4,8,7,14,8487A,190,2,8,8487A,248
8,5,2,-1,12,852JQ,943,2,Q,852QQ,249
8,5,5,4,13,8554K,466,2,5,8554K,250
8,5,5,12,2,855Q2,230,2,5,855Q2,251
8,6,12,7,7,86Q77,453,2,7,86Q77,252
8,8,14,10,9,88AT9,526,2,8,88AT9,253
8,12,3,-1,6,8Q3J6,441,2,Q,8Q3Q6,254
8,12,10,-1,3,8QTJ3,3,2,Q,8QTQ3,255
8,12,13,6,13,8QK6K,41,2,K,8QK6K,256
8,13,-1,9,4,8KJ94,226,2,K,8KK94,257
8,13,12,7,7,8KQ77,952,2,7,8KQ77,258
8,13,13,9,4,8KK94,553,2,K,8KK94,259
8,14,9,7,14,8A97A,133,2,A,8A97A,260
9,3,7,4,-1,9374J,523,2,9,93749,261
9,4,13,-1,14,94KJA,78,2,A,94KAA,262
9,5,6,5,14,9565A,407,2,5,9565A,263
9,5,6,6,13,9566K,908,2,6,9566K,264
9,5,6,14,14,956AA,242,2,A,956AA,265
9,7,4,6,-1,9746J,509,2,9,97469,266
9,7,4,7,8,97478,268,2,7,97478,267
9,8,3,-1,7,983J7,909,2,9,98397,268
9,8,3,8,6,98386,403,2,8,98386,269
9,9,7,5,14,9975A,183,2,9,9975A,270
9,12,2,5,-1,9Q25J,404,2,Q,9Q25Q,271
9,12,8,14,8,9Q8A8,759,2,8,9Q8A8,272
9,13,8,14,-1,9K8AJ,27,2,A,9K8AA,273
9,13,10,8,13,9KT8K,329,2,K,9KT8K,274
10,3,-1,13,12,T3JKQ,769,2,K,T3KKQ,275
10,3,8,5,5,T3855,562,2,5,T3855,276
10,3,14,12,3,T3AQ3,621,2,3,T3AQ3,277
10,4,9,-1,8,T49J8,763,2,T,T49T8,278
10,5,4,8,8,T5488,585,2,8,T5488,279
10,6,-1,4,-1,T6J4J,400,2,J,T6J4J,280
10,6,2,8,10,T628T,750,2,T,T628T,281
10,6,5,10,2,T65T2,310,2,T,T65T2,282
10,7,6,9,9,T7699,365,2,9,T7699,283
10,8,7,-1,5,T87J5,942,2,T,T87T5,284
10,8,7,8,9,T8789,681,2,8,T8789,285
10,9,2,10,8,T92T8,668,2,T,T92T8,286
10,9,4,10,2,T94T2,589,2,T,T94T2,287
10,10,3,12,7,TT3Q7,385,2,T,TT3Q7,288
10,13,2,10,7,TK2T7,225,2,T,TK2T7,289
10,14,14,3,12,TAA3Q,803,2,A,TAA3Q,290
12,-1,3,13,4,QJ3K4,686,2,K,QK3K4,291
12,-1,6,13,3,QJ6K3,692,2,K,QK6K3,292
12,4,12,14,5,Q4QA5,429,2,Q,Q4QA5,293
12,7,2,14,14,Q72AA,358,2,A,Q72AA,294
12,7,9,4,4,Q7944,355,2,4,Q7944,295
12,8,5,5,3,Q8553,632,2,5,Q8553,296
12,8,5,9,9,Q8599,14,2,9,Q8599,297
12,9,4,7,12,Q947Q,284,2,Q,Q947Q,298
12,12,10,7,4,QQT74,642,2,Q,QQT74,299
12,12,13,2,7,QQK27,822,2,Q,QQK27,300
12,13,13,10,6,QKKT6,736,2,K,QKKT6,301
12,14,3,3,8,QA338,220,2,3,QA338,302
12,14,5,2,14,QA52A,397,2,A,QA52A,303
13,-1,3,14,2,KJ3A2,283,2,A,KA3A2,304
13,2,3,2,6,K2326,564,2,2,K2326,305
13,2,6,7,-1,K267J,728,2,K,K267K,306
13,3,10,12,10,K3TQT,506,2,T,K3TQT,307
13,4,7,14,-1,K47AJ,142,2,A,K47AA,308
13,4,8,10,13,K48TK,902,2,K,K48TK,309
13,5,6,2,2,K5622,984,2,2,K5622,310
13,6,2,7,13,K627K,869,2,K,K627K,311
13,7,5,14,14,K75AA,292,2,A,K75AA,312
13,7,13,9,3,K7K93,138,2,K,K7K93,313
13,12,5,10,-1,KQ5TJ,58,2,K,KQ5TK,314
13,12,6,4,6,KQ646,812,2,6,KQ646,315
13,13,6,4,14,KK64A,234,2,K,KK64A,316
13,13,9,8,5,KK985,627,2,K,KK985,317
13,13,10,8,2,KKT82,502,2,K,KKT82,318
13,14,6,-1,10,KA6JT,923,2,A,KA6AT,319
13,14,13,3,10,KAK3T,134,2,K,KAK3T,320
14,-1,13,6,4,AJK64,505,2,A,AAK64,321
14,2,-1,13,12,A2JKQ,799,2,A,A2AKQ,322
14,3,-1,9,13,A3J9K,765,2,A,A3A9K,323
14,4,5,-1,10,A45JT,751,2,A,A45AT,324
14,4,8,13,13,A48KK,920,2,K,A48KK,325
14,4,9,9,2,A4992,6,2,9,A4992,326
14,5,6,-1,10,A56JT,110,2,A,A56AT,327
14,7,3,12,-1,A73QJ,641,2,A,A73QA,328
14,8,-1,13,12,A8JKQ,855,2,A,A8AKQ,329
14,8,9,-1,12,A89JQ,97,2,A,A89AQ,330
14,8,14,9,6,A8A96,863,2,A,A8A96,331
14,9,5,13,9,A95K9,659,2,9,A95K9,332
14,10,8,4,14,AT84A,227,2,A,AT84A,333
14,12,4,-1,9,AQ4J9,532,2,A,AQ4A9,334
14,12,4,-1,10,AQ4JT,778,2,A,AQ4AT,335
14,13,9,10,13,AK9TK,936,2,K,AK9TK,336
14,14,10,8,9,AAT89,959,2,A,AAT89,337
2,2,5,3,3,22533,948,3,3,22533,338
2,2,6,4,6,22646,420,3,6,22646,339
2,2,9,7,7,22977,515,3,7,22977,340
2,2,12,12,4,22QQ4,31,3,Q,22QQ4,341
2,2,14,8,14,22A8A,126,3,A,22A8A,342
2,3,3,2,14,2332A,798,3,3,2332A,343
2,6,12,6,2,26Q62,931,3,6,26Q62,344
2,8,8,13,2,288K2,371,3,8,288K2,345
2,9,9,2,12,2992Q,551,3,9,2992Q,346
2,14,14,2,9,2AA29,713,3,A,2AA29,347
3,2,14,2,14,32A2A,866,3,A,32A2A,348
3,3,9,14,14,339AA,754,3,A,339AA,349
3,4,4,7,3,34473,702,3,4,34473,350
3,5,5,3,2,35532,480,3,5,35532,351
3,7,7,9,9,37799,844,3,9,37799,352
3,8,6,8,6,38686,806,3,8,38686,353
3,8,9,3,9,38939,205,3,9,38939,354
3,8,14,3,8,38A38,578,3,8,38A38,355
3,9,10,10,9,39TT9,683,3,T,39TT9,356
3,10,3,12,10,3T3QT,408,3,T,3T3QT,357
3,12,3,10,12,3Q3TQ,501,3,Q,3Q3TQ,358
4,2,2,4,10,4224T,560,3,4,4224T,359
4,2,3,2,3,42323,747,3,3,42323,360
4,2,5,2,4,42524,356,3,4,42524,361
4,4,5,5,12,4455Q,927,3,5,4455Q,362
4,4,7,14,7,447A7,896,3,7,447A7,363
4,4,10,6,6,44T66,82,3,6,44T66,364
4,7,7,3,4,47734,393,3,7,47734,365
4,8,7,8,7,48787,581,3,8,48787,366
4,12,8,4,12,4Q84Q,448,3,Q,4Q84Q,367
4,12,12,8,8,4QQ88,255,3,Q,4QQ88,368
4,13,4,14,14,4K4AA,511,3,A,4K4AA,369
5,2,5,2,14,5252A,912,3,5,5252A,370
5,3,7,3,7,53737,554,3,7,53737,371
5,3,12,12,5,53QQ5,447,3,Q,53QQ5,372
5,4,4,5,13,5445K,913,3,5,5445K,373
5,6,3,6,5,56365,348,3,6,56365,374
5,6,6,5,12,5665Q,260,3,6,5665Q,375
5,7,3,3,5,57335,972,3,5,57335,376
5,8,14,5,8,58A58,593,3,8,58A58,377
5,9,14,14,9,59AA9,678,3,A,59AA9,378
5,12,5,4,12,5Q54Q,293,3,Q,5Q54Q,379
5,12,5,12,6,5Q5Q6,201,3,Q,5Q5Q6,380
5,12,8,12,5,5Q8Q5,567,3,Q,5Q8Q5,381
5,12,14,12,14,5QAQA,274,3,A,5QAQA,382
5,14,12,12,5,5AQQ5,966,3,Q,5AQQ5,383
5,14,14,2,5,5AA25,337,3,A,5AA25,384
6,3,6,3,14,6363A,475,3,6,6363A,385
6,7,7,2,6,67726,114,3,7,67726,386
6,7,14,14,6,67AA6,440,3,A,67AA6,387
6,8,9,8,6,68986,487,3,8,68986,388
6,10,2,2,6,6T226,30,3,6,6T226,389
6,10,3,3,10,6T33T,85,3,T,6T33T,390
6,13,6,5,13,6K65K,152,3,K,6K65K,391
7,2,14,14,7,72AA7,25,3,A,72AA7,392
7,3,7,3,9,73739,399,3,7,73739,393
7,5,7,5,14,7575A,233,3,7,7575A,394
7,7,2,13,2,772K2,421,3,7,772K2,395
7,7,8,2,8,77828,223,3,8,77828,396
7,7,13,14,13,77KAK,478,3,K,77KAK,397
7,8,5,5,7,78557,846,3,7,78557,398
7,10,10,7,3,7TT73,410,3,T,7TT73,399
7,12,9,7,9,7Q979,834,3,9,7Q979,400
8,2,3,3,2,82332,181,3,3,82332,401
8,4,5,4,8,84548,572,3,8,84548,402
8,4,7,4,8,84748,865,3,8,84748,403
8,5,13,8,5,85K85,67,3,8,85K85,404
8,6,6,4,4,86644,213,3,6,86644,405
8,6,6,9,9,86699,238,3,9,86699,406
8,6,6,14,8,866A8,367,3,8,866A8,407
8,7,5,5,8,87558,655,3,8,87558,408
8,7,6,6,8,87668,264,3,8,87668,409
8,7,7,13,8,877K8,790,3,8,877K8,410
8,7,8,10,10,878TT,880,3,T,878TT,411
8,8,10,12,12,88TQQ,892,3,Q,88TQQ,412
8,8,12,12,7,88QQ7,516,3,Q,88QQ7,413
8,10,5,8,5,8T585,517,3,8,8T585,414
8,12,12,2,2,8QQ22,607,3,Q,8QQ22,415
8,12,12,8,6,8QQ86,727,3,Q,8QQ86,416
8,14,7,7,8,8A778,53,3,8,8A778,417
8,14,14,4,8,8AA48,956,3,A,8AA48,418
9,2,5,2,5,92525,390,3,5,92525,419
9,4,9,10,4,949T4,484,3,9,949T4,420
9,7,13,7,9,97K79,373,3,9,97K79,421
9,9,5,6,5,99565,473,3,9,99565,422
9,9,12,6,6,99Q66,21,3,9,99Q66,423
9,9,13,13,4,99KK4,947,3,K,99KK4,424
9,12,12,9,7,9QQ97,186,3,Q,9QQ97,425
9,14,9,13,14,9A9KA,791,3,A,9A9KA,426
10,4,10,4,6,T4T46,556,3,T,T4T46,427
10,5,10,4,5,T5T45,722,3,T,T5T45,428
10,5,10,12,5,T5TQ5,546,3,T,T5TQ5,429
10,5,10,13,13,T5TKK,858,3,K,T5TKK,430
10,5,14,14,5,T5AA5,503,3,A,T5AA5,431
10,8,10,7,7,T8T77,435,3,T,T8T77,432
10,10,5,14,14,TT5AA,86,3,A,TT5AA,433
10,10,6,12,12,TT6QQ,522,3,Q,TT6QQ,434
10,12,8,12,10,TQ8QT,895,3,Q,TQ8QT,435
10,13,10,13,8,TKTK8,275,3,K,TKTK8,436
12,2,12,14,14,Q2QAA,826,3,A,Q2QAA,437
12,2,14,2,12,Q2A2Q,445,3,Q,Q2A2Q,438
12,3,14,12,3,Q3AQ3,318,3,Q,Q3AQ3,439
12,4,3,3,12,Q433Q,968,3,Q,Q433Q,440
12,4,13,12,4,Q4KQ4,79,3,Q,Q4KQ4,441
12,7,7,12,3,Q77Q3,159,3,Q,Q77Q3,442
12,12,5,3,3,QQ533,868,3,Q,QQ533,443
13,2,12,13,2,K2QK2,163,3,K,K2QK2,444
13,3,7,3,7,K3737,165,3,7,K3737,445
13,3,12,12,3,K3QQ3,459,3,Q,K3QQ3,446
13,3,13,3,8,K3K38,195,3,K,K3K38,447
13,5,5,8,13,K558K,734,3,K,K558K,448
13,7,4,7,4,K7474,565,3,7,K7474,449
13,8,4,4,13,K844K,559,3,K,K844K,450
13,8,8,12,13,K88QK,512,3,K,K88QK,451
13,8,8,13,9,K88K9,203,3,K,K88K9,452
13,8,10,10,8,K8TT8,648,3,T,K8TT8,453
13,8,13,14,8,K8KA8,981,3,K,K8KA8,454
13,13,3,14,3,KK3A3,774,3,K,KK3A3,455
13,13,4,5,4,KK454,698,3,K,KK454,456
13,13,6,4,6,KK646,93,3,K,KK646,457
13,13,9,9,14,KK99A,741,3,K,KK99A,458
13,13,10,10,4,KKTT4,696,3,K,KKTT4,459
13,14,14,9,13,KAA9K,44,3,A,KAA9K,460
14,2,4,4,14,A244A,783,3,A,A244A,461
14,2,6,6,14,A266A,483,3,A,A266A,462
14,4,9,14,9,A49A9,991,3,A,A49A9,463
14,4,14,4,12,A4A4Q,704,3,A,A4A4Q,464
14,5,3,14,3,A53A3,434,3,A,A53A3,465
14,5,13,5,14,A5K5A,584,3,A,A5K5A,466
14,6,3,14,3,A63A3,438,3,A,A63A3,467
14,6,5,5,6,A6556,73,3,6,A6556,468
14,7,14,7,12,A7A7Q,171,3,A,A7A7Q,469
14,10,8,10,14,AT8TA,699,3,A,AT8TA,470
14,10,12,12,14,ATQQA,406,3,A,ATQQA,471
14,13,7,14,7,AK7A7,88,3,A,AK7A7,472
14,13,10,14,13,AKTAK,102,3,A,AKTAK,473
14,13,14,2,2,AKA22,563,3,A,AKA22,474
14,14,2,9,9,AA299,654,3,A,AA299,475
14,14,8,7,7,AA877,558,3,A,AA877,476
-1,-1,12,5,6,JJQ56,885,4,Q,QQQ56,477
-1,-1,14,8,12,JJA8Q,915,4,A,AAA8Q,478
-1,2,7,3,3,J2733,215,4,3,32733,479
-1,2,10,10,4,J2TT4,656,4,T,T2TT4,480
-1,2,12,3,2,J2Q32,167,4,2,22Q32,481
-1,2,12,13,13,J2QKK,384,4,K,K2QKK,482
-1,2,13,14,2,J2KA2,462,4,2,22KA2,483
-1,2,13,14,14,J2KAA,450,4,A,A2KAA,484
-1,3,13,9,13,J3K9K,281,4,K,K3K9K,485
-1,3,14,14,6,J3AA6,46,4,A,A3AA6,486
-1,4,3,8,8,J4388,881,4,8,84388,487
-1,4,4,10,13,J44TK,756,4,4,444TK,488
-1,5,10,10,2,J5TT2,827,4,T,T5TT2,489
-1,6,4,8,8,J6488,608,4,8,86488,490
-1,6,12,12,2,J6QQ2,977,4,Q,Q6QQ2,491
-1,7,12,2,7,J7Q27,124,4,7,77Q27,492
-1,7,13,12,7,J7KQ7,788,4,7,77KQ7,493
-1,8,2,8,4,J8284,714,4,8,88284,494
-1,9,3,9,13,J939K,271,4,9,9939K,495
-1,10,-1,14,6,JTJA6,427,4,A,ATAA6,496
-1,12,2,9,2,JQ292,971,4,2,2Q292,497
-1,13,3,3,6,JK336,894,4,3,3K336,498
-1,13,5,9,-1,JK59J,248,4,K,KK59K,499
-1,13,7,8,8,JK788,184,4,8,8K788,500
-1,14,8,10,10,JA8TT,718,4,T,TA8TT,501
-1,14,9,9,4,JA994,497,4,9,9A994,502
2,-1,10,7,7,2JT77,507,4,7,27T77,503
2,2,2,4,9,22249,731,4,2,22249,504
2,2,7,5,2,22752,32,4,2,22752,505
2,2,7,13,-1,227KJ,160,4,2,227K2,506
2,2,8,14,2,228A2,352,4,2,228A2,507
2,2,10,2,4,22T24,905,4,2,22T24,508
2,3,14,-1,-1,23AJJ,351,4,A,23AAA,509
2,4,4,4,5,24445,630,4,4,24445,510
2,5,9,9,9,25999,62,4,9,25999,511
2,6,6,5,6,26656,677,4,6,26656,512
2,6,6,6,8,26668,290,4,6,26668,513
2,8,8,8,5,28885,350,4,8,28885,514
2,12,-1,7,2,2QJ72,835,4,2,2Q272,515
2,12,2,2,9,2Q229,468,4,2,2Q229,516
2,12,10,12,12,2QTQQ,819,4,Q,2QTQQ,517
2,13,2,-1,3,2K2J3,332,4,2,2K223,518
2,13,4,-1,4,2K4J4,724,4,4,2K444,519
3,-1,13,12,-1,3JKQJ,776,4,K,3KKQK,520
3,3,8,-1,13,338JK,76,4,3,3383K,521
3,3,8,9,-1,3389J,59,4,3,33893,522
3,5,12,-1,5,35QJ5,616,4,5,35Q55,523
3,7,7,8,7,37787,707,4,7,37787,524
3,9,-1,4,4,39J44,592,4,4,39444,525
3,9,3,3,6,39336,679,4,3,39336,526
3,9,12,-1,9,39QJ9,576,4,9,39Q99,527
3,10,-1,2,3,3TJ23,969,4,3,3T323,528
3,12,3,9,3,3Q393,2,4,3,3Q393,529
3,14,10,3,-1,3AT3J,278,4,3,3AT33,530
4,-1,4,9,8,4J498,416,4,4,44498,531
4,-1,7,14,4,4J7A4,313,4,4,447A4,532
4,2,2,3,2,42232,256,4,2,42232,533
4,3,3,3,14,4333A,986,4,3,4333A,534
4,4,-1,7,9,44J79,742,4,4,44479,535
4,4,2,12,4,442Q4,374,4,4,442Q4,536
4,4,4,13,5,444K5,729,4,4,444K5,537
4,4,9,6,4,44964,130,4,4,44964,538
4,5,3,4,4,45344,402,4,4,45344,539
4,5,4,4,7,45447,979,4,4,45447,540
4,6,4,4,14,4644A,807,4,4,4644A,541
4,6,10,10,10,46TTT,375,4,T,46TTT,542
4,7,4,3,4,47434,210,4,4,47434,543
4,8,4,12,4,484Q4,302,4,4,484Q4,544
4,9,4,3,4,49434,235,4,4,49434,545
4,9,4,12,-1,494QJ,809,4,4,494Q4,546
4,10,2,10,10,4T2TT,280,4,T,4T2TT,547
4,10,4,13,4,4T4K4,864,4,4,4T4K4,548
4,12,-1,-1,10,4QJJT,491,4,Q,4QQQT,549
4,13,12,13,13,4KQKK,579,4,K,4KQKK,550
4,14,14,5,14,4AA5A,804,4,A,4AA5A,551
5,2,5,3,5,52535,309,4,5,52535,552
5,2,13,-1,5,52KJ5,513,4,5,52K55,553
5,3,3,3,10,5333T,116,4,3,5333T,554
5,3,3,4,3,53343,569,4,3,53343,555
5,4,-1,8,8,54J88,305,4,8,54888,556
5,4,5,5,6,54556,695,4,5,54556,557
5,4,5,7,5,54575,69,4,5,54575,558
5,5,-1,3,10,55J3T,739,4,5,5553T,559
5,5,-1,13,14,55JKA,347,4,5,555KA,560
5,5,6,2,5,55625,951,4,5,55625,561
5,5,7,6,5,55765,212,4,5,55765,562
5,5,9,-1,8,559J8,211,4,5,55958,563
5,5,9,-1,12,559JQ,291,4,5,5595Q,564
5,7,-1,12,5,57JQ5,150,4,5,575Q5,565
5,7,2,2,-1,5722J,772,4,2,57222,566
5,8,4,4,4,58444,372,4,4,58444,567
5,10,4,-1,10,5T4JT,978,4,T,5T4TT,568
5,10,5,5,14,5T55A,422,4,5,5T55A,569
5,10,6,5,5,5T655,711,4,5,5T655,570
5,13,-1,3,3,5KJ33,229,4,3,5K333,571
5,13,13,14,13,5KKAK,327,4,K,5KKAK,572
6,-1,12,6,10,6JQ6T,928,4,6,66Q6T,573
6,2,14,-1,2,62AJ2,934,4,2,62A22,574
6,3,3,14,-1,633AJ,604,4,3,633A3,575
6,3,7,7,7,63777,270,4,7,63777,576
6,4,4,4,5,64445,543,4,4,64445,577
6,4,4,4,12,6444Q,786,4,4,6444Q,578
6,5,-1,-1,14,65JJA,157,4,A,65AAA,579
6,6,2,-1,10,662JT,662,4,6,6626T,580
6,6,6,3,13,6663K,967,4,6,6663K,581
6,6,6,9,2,66692,370,4,6,66692,582
6,6,6,12,7,666Q7,862,4,6,666Q7,583
6,6,8,-1,14,668JA,922,4,6,6686A,584
6,6,12,2,6,66Q26,792,4,6,66Q26,585
6,9,9,9,2,69992,221,4,9,69992,586
6,10,2,10,10,6T2TT,45,4,T,6T2TT,587
6,10,10,5,10,6TT5T,853,4,T,6TT5T,588
6,12,5,12,-1,6Q5QJ,240,4,Q,6Q5QQ,589
6,12,8,8,8,6Q888,867,4,8,6Q888,590
6,12,14,6,6,6QA66,209,4,6,6QA66,591
6,13,2,2,2,6K222,129,4,2,6K222,592
6,13,8,-1,13,6K8JK,832,4,K,6K8KK,593
6,14,5,6,6,6A566,631,4,6,6A566,594
6,14,6,10,6,6A6T6,389,4,6,6A6T6,595
7,-1,6,2,6,7J626,16,4,6,76626,596
7,2,2,9,2,72292,646,4,2,72292,597
7,3,12,-1,7,73QJ7,878,4,7,73Q77,598
7,4,14,4,4,74A44,541,4,4,74A44,599
7,5,9,9,-1,7599J,147,4,9,75999,600
7,5,9,9,9,75999,842,4,9,75999,601
7,6,6,5,6,76656,720,4,6,76656,602
7,7,3,5,7,77357,241,4,7,77357,603
7,7,5,14,7,775A7,176,4,7,775A7,604
7,7,6,12,7,776Q7,743,4,7,776Q7,605
7,7,7,3,9,77739,708,4,7,77739,606
7,7,7,8,6,77786,363,4,7,77786,607
7,7,7,13,12,777KQ,477,4,7,777KQ,608
7,8,8,8,6,78886,872,4,8,78886,609
7,10,13,7,7,7TK77,955,4,7,7TK77,610
7,12,-1,13,13,7QJKK,442,4,K,7QKKK,611
7,14,5,7,-1,7A57J,782,4,7,7A577,612
7,14,12,12,12,7AQQQ,839,4,Q,7AQQQ,613
8,-1,-1,14,5,8JJA5,197,4,A,8AAA5,614
8,2,10,2,2,82T22,784,4,2,82T22,615
8,3,4,4,4,83444,52,4,4,83444,616
8,3,8,4,8,83848,595,4,8,83848,617
8,7,7,5,7,87757,488,4,7,87757,618
8,7,8,8,9,87889,767,4,8,87889,619
8,8,10,8,2,88T82,51,4,8,88T82,620
8,9,5,5,5,89555,606,4,5,89555,621
8,10,-1,7,8,8TJ78,189,4,8,8T878,622
8,12,8,-1,6,8Q8J6,882,4,8,8Q886,623
8,13,8,5,-1,8K85J,594,4,8,8K858,624
8,14,3,3,-1,8A33J,965,4,3,8A333,625
9,-1,10,10,7,9JTT7,661,4,T,9TTT7,626
9,2,-1,5,2,92J52,548,4,2,92252,627
9,2,7,7,7,92777,57,4,7,92777,628
9,3,9,2,9,93929,50,4,9,93929,629
9,3,10,9,9,93T99,330,4,9,93T99,630
9,5,9,8,9,95989,295,4,9,95989,631
9,9,4,14,9,994A9,901,4,9,994A9,632
9,9,9,6,5,99965,119,4,9,99965,633
9,9,13,9,14,99K9A,883,4,9,99K9A,634
9,9,14,-1,6,99AJ6,316,4,9,99A96,635
9,10,10,4,10,9TT4T,851,4,T,9TT4T,636
9,12,9,-1,8,9Q9J8,768,4,9,9Q998,637
9,12,12,12,14,9QQQA,486,4,Q,9QQQA,638
9,13,13,13,4,9KKK4,340,4,K,9KKK4,639
9,14,-1,4,-1,9AJ4J,137,4,A,9AA4A,640
9,14,14,14,8,9AAA8,481,4,A,9AAA8,641
10,-1,2,6,2,TJ262,258,4,2,T2262,642
10,-1,2,8,2,TJ282,262,4,2,T2282,643
10,-1,7,4,7,TJ747,493,4,7,T7747,644
10,4,4,4,8,T4448,857,4,4,T4448,645
10,5,9,-1,5,T59J5,849,4,5,T5955,646
10,5,12,-1,5,T5QJ5,96,4,5,T5Q55,647
10,6,13,13,13,T6KKK,87,4,K,T6KKK,648
10,9,9,12,-1,T99QJ,958,4,9,T99Q9,649
10,10,5,10,9,TT5T9,889,4,T,TT5T9,650
10,10,12,10,2,TTQT2,879,4,T,TTQT2,651
10,14,10,10,6,TATT6,625,4,T,TATT6,652
12,-1,4,13,4,QJ4K4,461,4,4,Q44K4,653
12,-1,12,3,6,QJQ36,694,4,Q,QQQ36,654
12,-1,14,14,3,QJAA3,308,4,A,QAAA3,655
12,2,5,12,12,Q25QQ,199,4,Q,Q25QQ,656
12,3,13,12,12,Q3KQQ,667,4,Q,Q3KQQ,657
12,5,9,12,12,Q59QQ,635,4,Q,Q59QQ,658
12,5,12,12,13,Q5QQK,861,4,Q,Q5QQK,659
12,9,-1,9,4,Q9J94,246,4,9,Q9994,660
12,10,12,12,9,QTQQ9,557,4,Q,QTQQ9,661
12,12,-1,5,14,QQJ5A,982,4,Q,QQQ5A,662
12,12,-1,8,2,QQJ82,680,4,Q,QQQ82,663
12,12,-1,9,5,QQJ95,685,4,Q,QQQ95,664
12,14,-1,10,12,QAJTQ,990,4,Q,QAQTQ,665
13,2,-1,2,6,K2J26,514,4,2,K2226,666
13,4,4,7,4,K4474,633,4,4,K4474,667
13,5,13,10,13,K5KTK,118,4,K,K5KTK,668
13,6,-1,5,5,K6J55,153,4,5,K6555,669
13,7,6,6,6,K7666,55,4,6,K7666,670
13,7,13,3,13,K7K3K,169,4,K,K7K3K,671
13,8,4,13,13,K84KK,993,4,K,K84KK,672
13,8,5,8,8,K8588,911,4,8,K8588,673
13,8,13,7,13,K8K7K,542,4,K,K8K7K,674
13,9,9,9,10,K999T,550,4,9,K999T,675
13,12,5,5,5,KQ555,674,4,5,KQ555,676
13,13,12,13,6,KKQK6,670,4,K,KKQK6,677
13,13,13,4,3,KKK43,207,4,K,KKK43,678
13,14,14,2,14,KAA2A,623,4,A,KAA2A,679
13,14,14,8,14,KAA8A,688,4,A,KAA8A,680
14,-1,-1,9,10,AJJ9T,937,4,A,AAA9T,681
14,-1,5,9,9,AJ599,419,4,9,A9599,682
14,-1,12,7,12,AJQ7Q,802,4,Q,AQQ7Q,683
14,3,6,-1,-1,A36JJ,452,4,A,A36AA,684
14,5,9,5,5,A5955,570,4,5,A5955,685
14,5,14,9,14,A5A9A,74,4,A,A5A9A,686
14,7,4,14,14,A74AA,430,4,A,A74AA,687
14,8,-1,9,8,A8J98,684,4,8,A8898,688
14,9,-1,10,14,A9JTA,198,4,A,A9ATA,689
14,9,8,14,-1,A98AJ,180,4,A,A98AA,690
14,12,-1,-1,4,AQJJ4,824,4,A,AQAA4,691
14,13,3,3,3,AK333,70,4,3,AK333,692
14,13,13,2,13,AKK2K,850,4,K,AKK2K,693
14,13,13,12,13,AKKQK,766,4,K,AKKQK,694
14,14,3,6,14,AA36A,829,4,A,AA36A,695
14,14,6,2,14,AA62A,995,4,A,AA62A,696
14,14,9,2,14,AA92A,71,4,A,AA92A,697
14,14,10,6,14,AAT6A,222,4,A,AAT6A,698
14,14,13,6,14,AAK6A,597,4,A,AAK6A,699
-1,2,12,12,2,J2QQ2,105,5,Q,Q2QQ2,700
-1,4,3,3,4,J4334,907,5,4,44334,701
-1,6,6,13,13,J66KK,84,5,K,K66KK,702
-1,6,8,8,6,J6886,998,5,8,86886,703
-1,12,8,12,8,JQ8Q8,587,5,Q,QQ8Q8,704
-1,12,13,13,12,JQKKQ,533,5,K,KQKKQ,705
-1,14,7,7,14,JA77A,339,5,A,AA77A,706
2,-1,7,7,2,2J772,145,5,7,27772,707
2,-1,9,2,9,2J929,12,5,9,29929,708
2,2,6,6,6,22666,131,5,6,22666,709
2,2,7,7,2,22772,874,5,2,22772,710
2,2,9,2,9,22929,60,5,2,22929,711
2,2,14,-1,14,22AJA,455,5,A,22AAA,712
2,8,-1,2,8,28J28,39,5,8,28828,713
2,8,2,8,8,28288,780,5,8,28288,714
2,8,8,2,2,28822,177,5,2,28822,715
2,10,10,2,10,2TT2T,20,5,T,2TT2T,716
2,13,13,-1,2,2KKJ2,101,5,K,2KKK2,717
2,14,14,2,14,2AA2A,11,5,A,2AA2A,718
3,3,4,4,3,33443,112,5,3,33443,719
3,3,6,3,6,33636,423,5,3,33636,720
3,3,8,8,3,33883,470,5,3,33883,721
3,3,12,3,12,33Q3Q,125,5,3,33Q3Q,722
3,5,-1,3,5,35J35,381,5,5,35535,723
3,10,10,3,-1,3TT3J,174,5,T,3TT3T,724
3,12,3,-1,12,3Q3JQ,528,5,Q,3Q3QQ,725
3,13,13,13,3,3KKK3,629,5,K,3KKK3,726
3,14,14,14,3,3AAA3,974,5,A,3AAA3,727
4,2,2,2,4,42224,771,5,2,42224,728
4,4,2,4,2,44242,938,5,4,44242,729
4,4,4,3,3,44433,721,5,4,44433,730
4,4,5,4,5,44545,647,5,4,44545,731
4,7,7,4,7,47747,317,5,7,47747,732
4,10,10,4,4,4TT44,671,5,4,4TT44,733
4,13,13,4,-1,4KK4J,253,5,K,4KK4K,734
4,14,4,14,-1,4A4AJ,166,5,A,4A4AA,735
5,-1,10,10,5,5JTT5,775,5,T,5TTT5,736
5,2,2,2,5,52225,155,5,2,52225,737
5,5,3,3,3,55333,870,5,3,55333,738
5,5,4,4,5,55445,103,5,5,55445,739
5,5,5,3,3,55533,793,5,5,55533,740
5,6,6,5,6,56656,100,5,6,56656,741
5,12,12,5,12,5QQ5Q,848,5,Q,5QQ5Q,742
6,-1,6,2,2,6J622,975,5,6,66622,743
6,3,-1,6,3,63J63,762,5,6,63663,744
6,3,6,6,3,63663,8,5,6,63663,745
6,4,-1,6,4,64J64,552,5,6,64664,746
6,4,4,6,6,64466,204,5,6,64466,747
6,4,6,4,4,64644,649,5,4,64644,748
6,5,5,6,5,65565,471,5,5,65565,749
6,6,8,8,8,66888,664,5,8,66888,750
6,9,9,6,6,69966,217,5,6,69966,751
6,13,6,6,13,6K66K,273,5,6,6K66K,752
7,5,5,7,5,75575,377,5,5,75575,753
7,6,-1,6,7,76J67,172,5,7,76767,754
7,7,2,2,7,77227,568,5,7,77227,755
7,7,3,3,7,77337,191,5,7,77337,756
7,7,4,-1,4,774J4,673,5,7,77474,757
7,7,7,8,8,77788,254,5,7,77788,758
7,7,9,9,-1,7799J,263,5,9,77999,759
7,9,9,7,7,79977,887,5,7,79977,760
7,13,-1,13,7,7KJK7,816,5,K,7KKK7,761
8,-1,8,-1,-1,8J8JJ,825,5,J,8J8JJ,762
8,-1,8,3,3,8J833,900,5,8,88833,763
8,-1,8,14,14,8J8AA,873,5,A,8A8AA,764
8,3,3,8,8,83388,320,5,8,83388,765
8,4,4,8,8,84488,179,5,8,84488,766
8,5,8,5,5,85855,395,5,5,85855,767
8,7,8,8,7,87887,828,5,8,87887,768
8,8,6,6,6,88666,777,5,6,88666,769
8,13,13,13,8,8KKK8,324,5,K,8KKK8,770
8,14,14,8,14,8AA8A,960,5,A,8AA8A,771
9,3,9,3,9,93939,379,5,9,93939,772
9,4,9,4,4,94944,161,5,4,94944,773
9,6,9,9,6,96996,813,5,9,96996,774
9,8,8,9,9,98899,657,5,9,98899,775
9,8,9,8,8,98988,92,5,8,98988,776
9,9,2,9,2,99292,216,5,9,99292,777
9,9,9,7,7,99977,957,5,9,99977,778
9,9,9,10,10,999TT,609,5,9,999TT,779
9,9,13,13,-1,99KKJ,737,5,K,99KKK,780
9,13,13,9,13,9KK9K,294,5,K,9KK9K,781
9,14,14,9,9,9AA99,836,5,9,9AA99,782
10,3,3,10,10,T33TT,83,5,T,T33TT,783
10,5,5,5,10,T555T,596,5,5,T555T,784
10,6,10,6,6,T6T66,333,5,6,T6T66,785
10,7,7,10,7,T77T7,733,5,7,T77T7,786
10,8,10,8,8,T8T88,123,5,8,T8T88,787
10,9,-1,9,10,T9J9T,120,5,T,T9T9T,788
10,10,2,2,2,TT222,735,5,2,TT222,789
10,10,6,10,6,TT6T6,239,5,T,TT6T6,790
10,10,7,7,10,TT77T,666,5,T,TT77T,791
10,10,10,12,12,TTTQQ,612,5,T,TTTQQ,792
10,12,12,12,10,TQQQT,950,5,Q,TQQQT,793
10,13,10,10,13,TKTTK,676,5,T,TKTTK,794
10,14,10,14,14,TATAA,342,5,A,TATAA,795
12,4,12,4,4,Q4Q44,81,5,4,Q4Q44,796
12,5,5,12,5,Q55Q5,703,5,5,Q55Q5,797
12,12,2,2,2,QQ222,918,5,2,QQ222,798
12,12,5,5,-1,QQ55J,322,5,Q,QQ55Q,799
12,12,12,9,9,QQQ99,626,5,Q,QQQ99,800
13,2,13,2,2,K2K22,710,5,2,K2K22,801
13,5,13,5,5,K5K55,276,5,5,K5K55,802
13,9,13,9,9,K9K99,536,5,9,K9K99,803
13,10,10,13,13,KTTKK,717,5,K,KTTKK,804
13,13,4,4,4,KK444,243,5,4,KK444,805
13,13,4,13,4,KK4K4,10,5,K,KK4K4,806
13,13,13,2,2,KKK22,250,5,K,KKK22,807
13,13,14,-1,14,KKAJA,444,5,A,KKAAA,808
13,14,13,14,13,KAKAK,37,5,K,KAKAK,809
14,2,14,2,2,A2A22,740,5,2,A2A22,810
14,6,6,14,6,A66A6,485,5,6,A66A6,811
14,9,14,9,14,A9A9A,639,5,A,A9A9A,812
14,13,14,13,14,AKAKA,789,5,A,AKAKA,813
14,14,5,5,5,AA555,170,5,5,AA555,814
14,14,8,8,8,AA888,886,5,8,AA888,815
14,14,10,10,10,AATTT,620,5,T,AATTT,816
14,14,14,5,5,AAA55,178,5,A,AAA55,817
-1,-1,-1,8,-1,JJJ8J,143,6,J,JJJ8J,818
-1,-1,8,10,10,JJ8TT,983,6,T,TT8TT,819
-1,-1,12,14,14,JJQAA,675,6,A,AAQAA,820
-1,2,2,7,2,J2272,628,6,2,22272,821
-1,2,4,2,2,J2422,338,6,2,22422,822
-1,3,10,3,3,J3T33,269,6,3,33T33,823
-1,3,13,3,3,J3K33,42,6,3,33K33,824
-1,4,3,-1,3,J43J3,547,6,3,34333,825
-1,4,14,14,-1,J4AAJ,298,6,A,A4AAA,826
-1,5,5,13,5,J55K5,580,6,5,555K5,827
-1,5,5,14,-1,J55AJ,518,6,5,555A5,828
-1,5,14,5,5,J5A55,89,6,5,55A55,829
-1,6,6,7,-1,J667J,15,6,6,66676,830
-1,7,-1,7,9,J7J79,279,6,7,77779,831
-1,8,13,8,8,J8K88,904,6,8,88K88,832
-1,9,6,9,9,J9699,303,6,9,99699,833
-1,10,3,10,-1,JT3TJ,326,6,T,TT3TT,834
-1,13,9,-1,9,JK9J9,319,6,9,9K999,835
-1,14,14,14,5,JAAA5,428,6,A,AAAA5,836
-1,14,14,14,10,JAAAT,362,6,A,AAAAT,837
2,-1,-1,2,6,2JJ26,954,6,2,22226,838
2,-1,8,8,8,2J888,610,6,8,28888,839
2,2,2,2,3,22223,314,6,2,22223,840
2,2,2,3,-1,2223J,182,6,2,22232,841
2,2,2,10,2,222T2,472,6,2,222T2,842
2,2,2,12,2,222Q2,599,6,2,222Q2,843
2,2,2,13,2,222K2,640,6,2,222K2,844
2,2,5,-1,2,225J2,335,6,2,22522,845
2,2,6,2,2,22622,378,6,2,22622,846
2,2,7,2,2,22722,492,6,2,22722,847
2,8,2,2,2,28222,877,6,2,28222,848
2,9,9,9,-1,2999J,188,6,9,29999,849
2,12,12,12,12,2QQQQ,109,6,Q,2QQQQ,850
2,14,2,2,2,2A222,359,6,2,2A222,851
3,-1,8,3,3,3J833,396,6,3,33833,852
3,3,3,3,9,33339,820,6,3,33339,853
3,3,3,5,3,33353,409,6,3,33353,854
3,3,3,13,3,333K3,49,6,3,333K3,855
3,3,10,3,3,33T33,753,6,3,33T33,856
3,5,5,5,5,35555,325,6,5,35555,857
3,8,8,8,8,38888,899,6,8,38888,858
3,14,3,3,3,3A333,618,6,3,3A333,859
4,-1,8,8,8,4J888,549,6,8,48888,860
4,-1,10,10,10,4JTTT,446,6,T,4TTTT,861
4,2,2,2,2,42222,224,6,2,42222,862
4,3,3,3,-1,4333J,893,6,3,43333,863
4,3,4,-1,4,434J4,689,6,4,43444,864
4,4,-1,8,4,44J84,586,6,4,44484,865
4,4,4,-1,14,444JA,682,6,4,4444A,866
4,4,4,2,-1,4442J,524,6,4,44424,867
4,4,4,2,4,44424,272,6,4,44424,868
4,4,4,4,6,44446,244,6,4,44446,869
4,4,4,4,8,44448,520,6,4,44448,870
4,4,5,4,4,44544,970,6,4,44544,871
4,4,6,4,-1,4464J,888,6,4,44644,872
4,4,12,4,4,44Q44,709,6,4,44Q44,873
4,6,6,6,6,46666,95,6,6,46666,874
4,8,8,8,8,48888,5,6,8,48888,875
5,-1,3,5,5,5J355,439,6,5,55355,876
5,5,-1,8,5,55J85,458,6,5,55585,877
5,5,4,5,5,55455,436,6,5,55455,878
5,5,5,2,-1,5552J,821,6,5,55525,879
5,5,5,2,5,55525,469,6,5,55525,880
5,5,5,5,7,55557,636,6,5,55557,881
5,5,5,5,10,5555T,805,6,5,5555T,882
5,5,8,5,5,55855,111,6,5,55855,883
5,5,12,5,5,55Q55,781,6,5,55Q55,884
5,5,14,5,5,55A55,117,6,5,55A55,885
5,8,5,-1,-1,585JJ,773,6,5,58555,886
5,9,5,5,5,59555,634,6,5,59555,887
5,13,13,13,-1,5KKKJ,613,6,K,5KKKK,888
6,-1,4,6,6,6J466,431,6,6,66466,889
6,5,5,5,-1,6555J,653,6,5,65555,890
6,5,6,6,6,65666,9,6,6,65666,891
6,6,-1,6,3,66J63,99,6,6,66663,892
6,6,6,10,6,666T6,287,6,6,666T6,893
6,6,6,12,6,666Q6,344,6,6,666Q6,894
6,6,7,6,6,66766,903,6,6,66766,895
6,10,10,10,10,6TTTT,266,6,T,6TTTT,896
6,13,-1,6,6,6KJ66,345,6,6,6K666,897
7,-1,7,7,13,7J77K,304,6,7,7777K,898
7,-1,14,14,14,7JAAA,341,6,A,7AAAA,899
7,3,3,3,3,73333,323,6,3,73333,900
7,4,-1,4,4,74J44,307,6,4,74444,901
7,7,5,-1,7,775J7,988,6,7,77577,902
7,7,7,7,2,77772,386,6,7,77772,903
7,7,7,7,5,77775,660,6,7,77775,904
7,7,7,7,6,77776,779,6,7,77776,905
7,7,7,7,12,7777Q,498,6,7,7777Q,906
7,7,7,7,14,7777A,962,6,7,7777A,907
7,9,9,9,-1,7999J,611,6,9,79999,908
8,-1,3,3,-1,8J33J,577,6,3,83333,909
8,-1,8,8,9,8J889,232,6,8,88889,910
8,3,3,3,3,83333,645,6,3,83333,911
8,5,-1,-1,8,85JJ8,535,6,8,85888,912
8,7,8,8,8,87888,75,6,8,87888,913
8,8,8,9,8,88898,1000,6,8,88898,914
8,8,13,8,8,88K88,245,6,8,88K88,915
8,8,14,8,8,88A88,168,6,8,88A88,916
8,12,-1,12,12,8QJQQ,451,6,Q,8QQQQ,917
9,3,9,9,9,93999,4,6,9,93999,918
9,5,-1,9,9,95J99,534,6,9,95999,919
9,6,6,-1,6,966J6,590,6,6,96666,920
9,6,6,6,6,96666,845,6,6,96666,921
9,7,9,9,9,97999,107,6,9,97999,922
9,9,-1,9,10,99J9T,945,6,9,9999T,923
9,9,9,6,9,99969,349,6,9,99969,924
9,9,9,9,8,99998,158,6,9,99998,925
9,9,13,-1,9,99KJ9,840,6,9,99K99,926
9,10,9,9,9,9T999,237,6,9,9T999,927
9,12,-1,9,9,9QJ99,510,6,9,9Q999,928
9,13,9,9,9,9K999,619,6,9,9K999,929
9,13,13,13,13,9KKKK,398,6,K,9KKKK,930
10,7,7,-1,-1,T77JJ,527,6,7,T7777,931
10,7,10,10,10,T7TTT,705,6,T,T7TTT,932
10,8,8,8,8,T8888,897,6,8,T8888,933
10,8,10,-1,10,T8TJT,939,6,T,T8TTT,934
10,10,-1,2,10,TTJ2T,144,6,T,TTT2T,935
10,10,9,10,10,TT9TT,334,6,T,TT9TT,936
10,10,10,13,-1,TTTKJ,823,6,T,TTTKT,937
10,12,10,10,10,TQTTT,36,6,T,TQTTT,938
10,12,12,12,12,TQQQQ,665,6,Q,TQQQQ,939
12,-1,-1,10,12,QJJTQ,917,6,Q,QQQTQ,940
12,-1,5,-1,5,QJ5J5,412,6,5,Q5555,941
12,-1,12,7,12,QJQ7Q,884,6,Q,QQQ7Q,942
12,8,8,8,8,Q8888,401,6,8,Q8888,943
12,12,-1,2,12,QQJ2Q,521,6,Q,QQQ2Q,944
12,12,-1,5,12,QQJ5Q,926,6,Q,QQQ5Q,945
12,12,12,12,5,QQQQ5,61,6,Q,QQQQ5,946
12,12,12,12,9,QQQQ9,963,6,Q,QQQQ9,947
12,12,14,12,12,QQAQQ,91,6,Q,QQAQQ,948
13,-1,8,13,13,KJ8KK,162,6,K,KK8KK,949
13,-1,13,6,13,KJK6K,890,6,K,KKK6K,950
13,-1,13,7,13,KJK7K,973,6,K,KKK7K,951
13,4,-1,13,13,K4JKK,744,6,K,K4KKK,952
13,5,5,5,5,K5555,906,6,5,K5555,953
13,5,13,13,13,K5KKK,561,6,K,K5KKK,954
13,7,7,7,7,K7777,519,6,7,K7777,955
13,13,2,13,13,KK2KK,545,6,K,KK2KK,956
13,13,4,13,13,KK4KK,454,6,K,KK4KK,957
13,13,6,13,13,KK6KK,617,6,K,KK6KK,958
13,13,7,13,13,KK7KK,331,6,K,KK7KK,959
13,14,14,14,14,KAAAA,425,6,A,KAAAA,960
14,-1,7,7,7,AJ777,712,6,7,A7777,961
14,-1,8,8,8,AJ888,47,6,8,A8888,962
14,-1,13,14,14,AJKAA,833,6,A,AAKAA,963
14,5,14,14,14,A5AAA,247,6,A,A5AAA,964
14,7,-1,14,-1,A7JAJ,650,6,A,A7AAA,965
14,10,10,10,10,ATTTT,132,6,T,ATTTT,966
14,14,3,14,14,AA3AA,19,6,A,AA3AA,967
14,14,14,-1,2,AAAJ2,94,6,A,AAAA2,968
14,14,14,7,14,AAA7A,80,6,A,AAA7A,969
14,14,14,8,14,AAA8A,785,6,A,AAA8A,970
14,14,14,9,14,AAA9A,392,6,A,AAA9A,971
14,14,14,12,-1,AAAQJ,433,6,A,AAAQA,972
14,14,14,14,2,AAAA2,196,6,A,AAAA2,973
14,14,14,14,10,AAAAT,306,6,A,AAAAT,974
-1,-1,-1,-1,-1,JJJJJ,417,7,J,JJJJJ,975
-1,3,3,-1,3,J33J3,312,7,3,33333,976
-1,4,4,4,-1,J444J,26,7,4,44444,977
-1,5,5,5,-1,J555J,1,7,5,55555,978
-1,5,5,5,5,J5555,418,7,5,55555,979
-1,6,6,6,6,J6666,818,7,6,66666,980
-1,9,-1,9,9,J9J99,746,7,9,99999,981
-1,10,-1,10,10,JTJTT,875,7,T,TTTTT,982
-1,13,-1,13,-1,JKJKJ,108,7,K,KKKKK,983
-1,14,14,14,-1,JAAAJ,382,7,A,AAAAA,984
-1,14,14,14,14,JAAAA,761,7,A,AAAAA,985
2,-1,2,2,-1,2J22J,843,7,2,22222,986
2,2,2,2,-1,2222J,693,7,2,22222,987
3,3,3,-1,3,333J3,930,7,3,33333,988
4,4,4,-1,4,444J4,987,7,4,44444,989
6,6,-1,-1,6,66JJ6,321,7,6,66666,990
7,-1,7,7,-1,7J77J,206,7,7,77777,991
7,7,7,7,-1,7777J,315,7,7,77777,992
8,8,-1,8,-1,88J8J,259,7,8,88888,993
8,8,8,8,-1,8888J,796,7,8,88888,994
9,9,-1,9,9,99J99,989,7,9,99999,995
10,10,-1,10,10,TTJTT,426,7,T,TTTTT,996
12,-1,12,12,12,QJQQQ,300,7,Q,QQQQQ,997
12,12,-1,12,-1,QQJQJ,56,7,Q,QQQQQ,998
13,-1,13,-1,13,KJKJK,200,7,K,KKKKK,999
13,13,13,-1,13,KKKJK,296,7,K,KKKKK,1000
